{
    "pose": [
      89470.32281174292,
      42907.20265083001,
      6.191686505397198,
      -0.015494366139199287,
      -0.0023060449210993528,
      0.28508747920550515,
      0.9583734845951327
    ],
    "stamp": 1675660188.1981578
  }